{
  "epoch": 160,
  "total_epochs": 160,
  "train_score": 15.735697795104981,
  "train_loss": -0.2987957456684113,
  "best_epoch": 159,
  "best_value": 15.73443634338379,
  "early_stop_wait": 1,
  "early_stop": false,
  "epoch_time_sec": 112.26957988739014,
  "total_training_time_sec": 17658.182819128036,
  "avg_epoch_time_sec": 110.36364261955023
}