{
  "epoch": 160,
  "total_epochs": 160,
  "train_score": 15.72086676513672,
  "train_loss": -0.29741600222587583,
  "best_epoch": 160,
  "best_value": 15.72086676513672,
  "early_stop_wait": 0,
  "early_stop": false,
  "epoch_time_sec": 105.7509663105011,
  "total_training_time_sec": 16985.185193777084,
  "avg_epoch_time_sec": 106.15740746110677
}