{
  "epoch": 160,
  "total_epochs": 160,
  "train_score": 15.789599194030762,
  "train_loss": -0.3241584104537964,
  "best_epoch": 155,
  "best_value": 15.784607734985352,
  "early_stop_wait": 5,
  "early_stop": false,
  "epoch_time_sec": 108.00279307365417,
  "total_training_time_sec": 17400.975403547287,
  "avg_epoch_time_sec": 108.75609627217054
}