model_key,model,test_instances,average_cost,average_gap_to_lkh_percent,median_gap_to_lkh_percent,best_gap_to_lkh_percent,worst_gap_to_lkh_percent,feasible_rate,augmentation_factor,feature_modes,sampling_runs,delta_cost_vs_baseline,improvement_vs_baseline_percent
baseline,Baseline,10,29491.1,30.023362228761982,27.589318563889364,20.29320372878655,50.92446091948827,1.0,8,"[""anchor"", ""mds""]",0,0.0,0.0
full_learnable,Full learnable bias,10,27134.5,19.64153639788954,19.627791791708887,6.692693809258227,34.537317481126536,1.0,8,"[""anchor"", ""mds""]",0,-2356.5999999999985,7.9908853857604445
scheduled_bias,Scheduled/fixed bias,10,26742.2,17.806783359242594,15.865452640221203,8.429607202613337,26.499706161565932,1.0,8,"[""anchor"", ""mds""]",0,-2748.899999999998,9.32111721841504
wo_all_bias,w/o all bias,10,27291.9,20.34274308077898,20.0579203358051,11.054896024221177,40.43216852764341,1.0,8,"[""anchor"", ""mds""]",0,-2199.199999999997,7.457165043012967
wo_fusion_gate,w/o fusion gate,10,27978.9,23.349276883571527,25.822313871819727,12.269938650306749,34.67774716589133,1.0,8,"[""anchor"", ""mds""]",0,-1512.199999999997,5.127648680449346
wo_group_embedding,w/o group embedding,10,26507.0,16.655800247413705,17.442094818273468,11.950760064835501,20.093943362991734,1.0,8,"[""anchor"", ""mds""]",0,-2984.0999999999985,10.11864596437569
