{
  "epoch": 160,
  "total_epochs": 160,
  "train_score": 15.724634099121094,
  "train_loss": -0.3000542219257355,
  "best_epoch": 160,
  "best_value": 15.724634099121094,
  "early_stop_wait": 0,
  "early_stop": false,
  "epoch_time_sec": 123.57680225372314,
  "total_training_time_sec": 19769.08372759819,
  "avg_epoch_time_sec": 123.55677329748869
}