{
  "epoch": 160,
  "total_epochs": 160,
  "train_score": 15.705688933105469,
  "train_loss": -0.3153157190132141,
  "best_epoch": 155,
  "best_value": 15.70304234375,
  "early_stop_wait": 5,
  "early_stop": false,
  "epoch_time_sec": 103.67901062965393,
  "total_training_time_sec": 16542.315612077713,
  "avg_epoch_time_sec": 103.38947257548571
}