model_key,model_label,average_cost,delta_vs_full_cost,average_gap_to_full_percent,average_gap_to_lkh_percent,feasible_rate,time_per_instance_sec
baseline,POMO baseline,15.49420291519165,0.04833413982391299,0.32006764212574756,2.407200936021837,1.0,0.06268369820155203
full_learnable,Full model,15.445868775367737,0.0,0.0,2.0870956486571663,1.0,0.0686365903597325
scheduled_bias,Scheduled bias,15.452672064781188,0.006803289413451097,0.04749543927521138,2.132437150079948,1.0,0.06480564417876303
wo_all_bias,w/o all bias,15.470991799354554,0.02512302398681676,0.1689598692013286,2.254033327478125,1.0,0.0633873951509595
wo_fusion_gate,w/o fusion gate,15.46614307975769,0.020274304389953812,0.1386005824525864,2.222057802115028,1.0,0.0642843207847327
wo_group_embedding,w/o group emb.,15.69929798603058,0.2534292106628424,1.646586893100092,3.7616337138677,1.0,0.06515429701283575
