{
  "epoch": 119,
  "total_epochs": 160,
  "train_score": 15.747996154479981,
  "train_loss": -0.304008738117218,
  "best_epoch": 116,
  "best_value": 15.746371549987792,
  "early_stop_wait": 3,
  "early_stop": false,
  "epoch_time_sec": 110.33414363861084,
  "total_training_time_sec": 13136.753617286682,
  "avg_epoch_time_sec": 110.39288754022422
}